Total sizes:,,,

Used stat D/IRAM,112979 bytes (228781 remain 33.1% used),,,

.data size,19744 bytes,,,

.bss  size,24832 bytes,,,

.text size,67375 bytes,,,

.vectors size,1028 bytes,,,

Used Flash size ,1143368 bytes,,,

.text,917612 bytes,,,

.rodata,225500 bytes,,,

Total image size,1231515 bytes (.bin may be padded larger),,,

Per-archive contributions to ELF file:

Archive File,DRAM .data,& 0.bss,IRAM0 .text,& 0.vectors,ram_st_total,Flash .text,& .rodata,& .rodata_noload,& .appdesc

libnet80211.a,936,7618,0,0,8554,121028,17955,12902,0

libespressif__esp-tflite,0,56,0,0,56,118109,1936,0,0

libmain.a,121,7087,26,0,7234,47575,61412,0,0

libesp_app_format.a,0,10,0,0,10,358,103682,0,256

liblwip.a,12,3361,0,0,3373,90146,3315,0,0

libmbedcrypto.a,92,280,80,0,452,76734,6985,0,0

libwpa_supplicant.a,8,1363,0,0,1371,63285,1570,0,0

libpp.a,2640,1234,1160,0,5034,56049,4021,257,0

libc.a,268,728,0,0,996,44087,3165,0,0

libespressif__esp-nn.a,4,48,0,0,52,36965,3,0,0

libphy.a,3290,86,5134,0,8510,27806,0,0,0

libesp_hw_support.a,557,166,8270,0,8993,23381,1553,0,0

libmbedtls.a,0,240,0,0,240,24785,1930,0,0

libfreertos.a,3116,1088,17152,0,21356,787,1480,0,0

libhal.a,3268,4,8193,0,11465,8533,130,0,0

libm.a,0,0,0,0,0,17601,1568,0,0

libspi_flash.a,2219,24,11214,0,13457,1292,1121,0,0

libesp_system.a,465,309,3298,0,4072,10201,748,0,0

libnvs_flash.a,0,24,0,0,24,14325,136,0,0

libesp_driver_uart.a,304,33,0,0,337,12548,682,0,0

libheap.a,5,8,0,0,13,9665,882,0,0

libesp_driver_rmt.a,77,12,0,0,89,9345,539,0,0

libtcp_transport.a,0,0,0,0,0,8606,180,0,0

libmbedx509.a,0,0,0,0,0,8294,45,0,0

libesp-micro-speech-feat,0,0,0,0,0,8025,287,0,0

libesp_driver_i2s.a,24,0,267,0,291,7629,392,0,0

libespressif__esp_websoc,0,0,0,0,0,6978,163,0,0

libesp_netif.a,4,29,0,0,33,6209,151,0,0

libesp-tls.a,0,4,0,0,4,6070,72,0,0

libvfs.a,192,44,0,0,236,5732,143,0,0

libesp_driver_gpio.a,36,0,0,0,36,4949,599,0,0

libesp_ringbuf.a,0,0,2748,0,2748,1751,538,0,0

libesp_wifi.a,480,43,293,0,816,3175,794,0,0

libesp_event.a,0,4,0,0,4,3641,163,0,0

libesp_mm.a,129,48,1199,0,1376,2227,166,0,0

libxtensa.a,1060,0,2065,427,3552,99,48,0,0

libnewlib.a,172,216,1429,0,1817,1869,109,0,0

libesp_phy.a,9,43,238,0,290,2454,299,0,0

libespressif__led_strip.,0,0,0,0,0,2767,202,0,0

libesp_timer.a,32,36,1049,0,1117,1481,99,0,0

libjson.a,12,8,0,0,20,2327,0,0,0

libsoc.a,0,0,0,0,0,41,2207,0,0

libesp_driver_usb_serial,56,17,103,0,176,1883,173,0,0

libesp_common.a,0,0,0,0,0,47,1822,0,0

libesp_partition.a,0,8,0,0,8,1636,168,0,0

libhttp_parser.a,0,0,0,0,0,1579,32,0,0

libstdc++.a,4,17,0,0,21,1285,199,0,0

liblog.a,8,276,484,0,768,865,48,0,0

libefuse.a,36,4,0,0,40,1168,193,0,0

libesp_security.a,0,16,0,0,16,1104,8,0,0

libbootloader_support.a,0,0,934,0,934,34,40,0,0

libesp_rom.a,4,0,701,0,705,68,0,0,0

libesp_vfs_console.a,0,16,0,0,16,489,180,0,0

libcxx.a,8,20,0,0,28,617,0,0,0

libpthread.a,8,4,0,0,12,519,46,0,0

libxt_hal.a,0,0,405,0,405,0,32,0,0

libesp_coex.a,0,0,100,0,100,202,0,0,0

libcore.a,0,9,0,0,9,240,43,0,0

libapp_update.a,0,4,0,0,4,166,30,0,0

libgcc.a,0,0,0,0,0,98,0,0,0

libesp_pm.a,0,0,16,0,16,8,0,0,0

libnvs_sec_provider.a,0,0,0,0,0,5,0,0,0

libespnow.a,3,0,0,0,3,0,0,0,0

(exe),0,0,0,0,0,0,0,0,0

libbtbb.a,0,0,0,0,0,0,0,0,0

libesp_driver_spi.a,0,0,0,0,0,0,0,0,0

libmesh.a,0,0,0,0,0,0,0,0,0

